{
    "loss": 0.07856223732233047,
    "accuracy": 0.9464285969734192
}