{
    "loss": 40.13434600830078,
    "accuracy": 0.738095223903656
}